DROP TABLE IF EXISTS "bills";
CREATE TABLE "bills" ("id_bill" INTEGER PRIMARY KEY  NOT NULL  UNIQUE , "date" DATETIME NOT NULL  DEFAULT CURRENT_DATE, "table_number" INTEGER NOT NULL );
INSERT INTO "bills" VALUES(1,'2015-02-27',1);
INSERT INTO "bills" VALUES(2,'2015-03-04',1);
DROP TABLE IF EXISTS "drinks";
CREATE TABLE "drinks" ("id_drink" CHAR(20) PRIMARY KEY  NOT NULL  DEFAULT (null) ,"name_drink" CHAR NOT NULL ,"price" REAL NOT NULL ,"available_quantity" INTEGER NOT NULL ,"volume" INTEGER NOT NULL ,"description" TEXT NOT NULL ,"icon" TEXT NOT NULL ,"max_stock" INTEGER NOT NULL ,"threshold" INTEGER NOT NULL ,"category" CHAR NOT NULL ,"subcategory" CHAR);
INSERT INTO "drinks" VALUES('JUP25','Jupiler',2,200,25,'Jupiler au fût.','icon/JUP25.jpg',200,20,'Bières','Blondes');
INSERT INTO "drinks" VALUES('JUP33','Jupiler',2.5,200,33,'Jupiler au fût.','icon/JUP25.jpg',200,20,'Bières','Blondes');
INSERT INTO "drinks" VALUES('JUP50','Jupiler',3.5,200,50,'Jupiler au fût.','icon/JUP.jpg',200,20,'Bières','Blondes');
INSERT INTO "drinks" VALUES('LEFBL25','Leffe Blonde',3,100,25,'Leffe en bouteille.','icon/LEF.jpg',100,20,'Bières','Blondes');
INSERT INTO "drinks" VALUES('LEFBL33','Leffe Blonde',3.5,100,33,'Leffe en bouteille.','icon/LEF.jpg',100,20,'Bières','Blondes');
INSERT INTO "drinks" VALUES('LEFBR25','Leffe Brune',3,100,25,'Leffe en bouteille.','icon/LEF.jpg',100,20,'Bières','Brunes');
INSERT INTO "drinks" VALUES('LEFBR33','Leffe Brune',3.5,100,33,'Leffe en bouteille.','icon/LEF.jpg',100,20,'Bières','Brunes');
INSERT INTO "drinks" VALUES('COTRHROU','Côte du Rhône rouge',8,50,75,'Vin rouge de France','icon/COTRHONE',50,5,'Vin','Rouge');
INSERT INTO "drinks" VALUES('COTRHROS','Côte du Rhône rosé',8,25,75,'Vin rosé de France','icon/COTRHONE',25,5,'Vin','Rosé');
INSERT INTO "drinks" VALUES('COTRHBL','Côte du Rhône blanc',8,50,75,'Vin blanc de France','icon/COTRHONE',50,5,'Vin','Blanc');
INSERT INTO "drinks" VALUES('CHATPOURSROU','Château Pourcieux rouge',7,25,75,'vin de Provence','icon/CHATPOURS.jpg',25,5,'Vin','Rouge');
INSERT INTO "drinks" VALUES('CHATPOURSROS','Château Pourcieux rosé',7,25,75,'vin de Provence','icon/CHATPOURS.jpg',25,5,'Vin','Rosé');
INSERT INTO "drinks" VALUES('CHATPOURSBL','Château Pourcieux blanc',7,25,75,'vin de Provence','icon/CHATPOURS.jpg',25,5,'Vin','Blanc');
INSERT INTO "drinks" VALUES('EAUPLDEMI','eau plate',2,200,50,'eau plate Chaudefontaine','',200,20,'Eau','Plate');
INSERT INTO "drinks" VALUES('EAUPL','eau plate litre',4,200,50,'eau plate Chaudefontaine','icon/eau.jpg',200,20,'Eau','Plate');
INSERT INTO "drinks" VALUES('EAUPETDEMI','eau pétillante demi litre',3,200,50,'eau pétillante san pellegrino un demi litre','icon/eau.jpg',200,20,'Eau','Pétillante');
INSERT INTO "drinks" VALUES('EAUPET','eau pétillante  litre',6,200,50,'eau pétillante san pellegrino un litre','icon/eau.jpg',200,20,'Eau','Pétillante');
DROP TABLE IF EXISTS "order_details";
CREATE TABLE "order_details" ("id_order" INTEGER NOT NULL , "id_drink" CHAR(20) NOT NULL , "quantity" INTEGER NOT NULL , PRIMARY KEY ("id_order", "id_drink"));
INSERT INTO "order_details" VALUES(1,'JUP25',3);
INSERT INTO "order_details" VALUES(2,'COTRHROU',1);
INSERT INTO "order_details" VALUES(1,'COTRHROU',1);
INSERT INTO "order_details" VALUES(2,'COTRHBL',3);
INSERT INTO "order_details" VALUES(2,'EAUPLDEMI',4);
DROP TABLE IF EXISTS "orders";
CREATE TABLE "orders" ("id_order" INTEGER PRIMARY KEY  NOT NULL  UNIQUE , "date" DATETIME NOT NULL  DEFAULT CURRENT_DATE, "login_waiter" CHAR(30) NOT NULL , "table_number" INTEGER NOT NULL );
INSERT INTO "orders" VALUES(1,'2015-02-27','john',1);
INSERT INTO "orders" VALUES(2,'2015-02-27','john',1);
DROP TABLE IF EXISTS "ratings";
CREATE TABLE "ratings" ("id_drink" CHAR(20) PRIMARY KEY  NOT NULL  DEFAULT (null) ,"login_client" CHAR(30) NOT NULL ,"value" INTEGER NOT NULL ,"comment" TEXT);
INSERT INTO "ratings" VALUES('JUP25','anparis',5,'fraiche');
INSERT INTO "ratings" VALUES('CHATPOURSROU','anparis',4,'');
DROP TABLE IF EXISTS "users";
CREATE TABLE "users" ("u_id" INTEGER PRIMARY KEY  NOT NULL  UNIQUE , "u_login" VARCHAR NOT NULL  UNIQUE , "u_password" VARCHAR NOT NULL , "u_type" VARCHAR NOT NULL );
INSERT INTO "users" VALUES(1,'anparis','041195','customer');
INSERT INTO "users" VALUES(2,'john','041195','waiter');
